{"basic": {"avg": 0.494, "stddev": 1.1515051020295135}, "lexical": {"avg": 4.842, "stddev": 1.102286714063088}, "tree": {"avg": 0.691, "stddev": 1.1495733991355228}, "trained": {"avg": 0.37, "stddev": 0.6921704992268884}}