{"tree": {"avgs": [79.765478515625, 780.739013671875, 8628.425341796876, 85019.77302246094], "stddevs": [7.378870727550491, 23.211889106608357, 753.2829018547765, 5517.882974135093]}, "basic": {"avgs": [3.3380126953125, 5.570751953125, 21.9496826171875, 166.012744140625], "stddevs": [0.5410936678016945, 0.9653376735122949, 2.0876332007815184, 6.347344304609611]}, "lexical": {"avgs": [148.548095703125, 1248.571240234375, 15071.547290039063, 140879.34228515625], "stddevs": [5.28443287186654, 42.258282201480014, 1413.6995626235487, 2785.2834156682193]}, "trained": {"avgs": [67.54453125, 700.31064453125, 7307.819677734375, 72607.13984375], "stddevs": [5.508595618665738, 20.850258773860503, 600.9859226440365, 2148.057661742613]}}